Serie,Publication
Nr. 1,03.01.2025
Nr. 2,06.01.2025
Nr. 3,07.01.2025
Nr. 4,08.01.2025
Nr. 5,09.01.2025
Nr. 6,10.01.2025
Nr. 7,13.01.2025
Nr. 8,14.01.2025
Nr. 9,15.01.2025
Nr. 10,16.01.2025
Nr. 11,17.01.2025
Nr. 12,20.01.2025
Nr. 13,21.01.2025
Nr. 14,22.01.2025
Nr. 15,23.01.2025
Nr. 16,24.01.2025
Nr. 17,27.01.2025
Nr. 18,28.01.2025
Nr. 19,29.01.2025
Nr. 20,30.01.2025
Nr. 21,31.01.2025
Nr. 22,03.02.2025
Nr. 23,04.02.2025
Nr. 24,05.02.2025
Nr. 25,06.02.2025
Nr. 26,07.02.2025
Nr. 27,10.02.2025
Nr. 28,11.02.2025
Nr. 29,12.02.2025
Nr. 30,13.02.2025
Nr. 31,14.02.2025
Nr. 32,17.02.2025
Nr. 33,18.02.2025
Nr. 34,19.02.2025
Nr. 35,20.02.2025
Nr. 36,21.02.2025
Nr. 37,24.02.2025
Nr. 38,25.02.2025
Nr. 39,26.02.2025
Nr. 40,27.02.2025
Nr. 41,28.02.2025
Nr. 42,03.03.2025
Nr. 43,04.03.2025
Nr. 44,05.03.2025
Nr. 45,06.03.2025
Nr. 46,07.03.2025
Nr. 47,10.03.2025
Nr. 48,11.03.2025
Nr. 49,12.03.2025
Nr. 50,13.03.2025
Nr. 51,14.03.2025
Nr. 52,17.03.2025
Nr. 53,18.03.2025
Nr. 54,19.03.2025
Nr. 55,20.03.2025
Nr. 56,21.03.2025
Nr. 57,24.03.2025
Nr. 58,25.03.2025
Nr. 59,26.03.2025
Nr. 60,27.03.2025
Nr. 61,28.03.2025
Nr. 62,31.03.2025
Nr. 63,01.04.2025
Nr. 64,02.04.2025
Nr. 65,03.04.2025
Nr. 66,04.04.2025
Nr. 67,07.04.2025
Nr. 68,08.04.2025
Nr. 69,09.04.2025
Nr. 70,10.04.2025
Nr. 71,11.04.2025
Nr. 72,14.04.2025
Nr. 73,15.04.2025
Nr. 74,16.04.2025
Nr. 75,17.04.2025
Nr. 76,22.04.2025
Nr. 77,23.04.2025
Nr. 78,24.04.2025
Nr. 79,25.04.2025
Nr. 80,28.04.2025
Nr. 81,29.04.2025
Nr. 82,30.04.2025
Nr. 83,01.05.2025
Nr. 84,02.05.2025
Nr. 85,05.05.2025
Nr. 86,06.05.2025
Nr. 87,07.05.2025
Nr. 88,08.05.2025
Nr. 89,09.05.2025
Nr. 90,12.05.2025
Nr. 91,13.05.2025
Nr. 92,14.05.2025
Nr. 93,15.05.2025
Nr. 94,16.05.2025
Nr. 95,19.05.2025
Nr. 96,20.05.2025
Nr. 97,21.05.2025
Nr. 98,22.05.2025
Nr. 99,23.05.2025
Nr. 100,26.05.2025
Nr. 101,27.05.2025
Nr. 102,28.05.2025
Nr. 103,30.05.2025
Nr. 104,02.06.2025
Nr. 105,03.06.2025
Nr. 106,04.06.2025
Nr. 107,05.06.2025
Nr. 108,06.06.2025
Nr. 109,10.06.2025
Nr. 110,11.06.2025
Nr. 111,12.06.2025
Nr. 112,13.06.2025
Nr. 113,16.06.2025
Nr. 114,17.06.2025
Nr. 115,18.06.2025
Nr. 116,19.06.2025
Nr. 117,20.06.2025
Nr. 118,23.06.2025
Nr. 119,24.06.2025
Nr. 120,25.06.2025
Nr. 121,26.06.2025
Nr. 122,27.06.2025
Nr. 123,30.06.2025
Nr. 124,01.07.2025
Nr. 125,02.07.2025
Nr. 126,03.07.2025
Nr. 127,04.07.2025
Nr. 128,07.07.2025
Nr. 129,08.07.2025
Nr. 130,09.07.2025
Nr. 131,10.07.2025
Nr. 132,11.07.2025
Nr. 133,14.07.2025
Nr. 134,15.07.2025
Nr. 135,16.07.2025
Nr. 136,17.07.2025
Nr. 137,18.07.2025
Nr. 138,21.07.2025
Nr. 139,22.07.2025
Nr. 140,23.07.2025
Nr. 141,24.07.2025
Nr. 142,25.07.2025
Nr. 143,28.07.2025
Nr. 144,29.07.2025
Nr. 145,30.07.2025
Nr. 146,31.07.2025
Nr. 147,04.08.2025
Nr. 148,05.08.2025
Nr. 149,06.08.2025
Nr. 150,07.08.2025
Nr. 151,08.08.2025
Nr. 152,11.08.2025
Nr. 153,12.08.2025
Nr. 154,13.08.2025
Nr. 155,14.08.2025
Nr. 156,15.08.2025
Nr. 157,18.08.2025
Nr. 158,19.08.2025
Nr. 159,20.08.2025
Nr. 160,21.08.2025
Nr. 161,22.08.2025
Nr. 162,25.08.2025
Nr. 163,26.08.2025
Nr. 164,27.08.2025
Nr. 165,28.08.2025
Nr. 166,29.08.2025
Nr. 167,01.09.2025
Nr. 168,02.09.2025
Nr. 169,03.09.2025
Nr. 170,04.09.2025
Nr. 171,05.09.2025
Nr. 172,08.09.2025
Nr. 173,09.09.2025
Nr. 174,10.09.2025
Nr. 175,11.09.2025
Nr. 176,12.09.2025
Nr. 177,15.09.2025
Nr. 178,16.09.2025
Nr. 179,17.09.2025
Nr. 180,18.09.2025
Nr. 181,19.09.2025
Nr. 182,22.09.2025
Nr. 183,23.09.2025
Nr. 184,24.09.2025
Nr. 185,25.09.2025
Nr. 186,26.09.2025
Nr. 187,29.09.2025
Nr. 188,30.09.2025
Nr. 189,01.10.2025
Nr. 190,02.10.2025
Nr. 191,03.10.2025
Nr. 192,06.10.2025
Nr. 193,07.10.2025
Nr. 194,08.10.2025
Nr. 195,09.10.2025
Nr. 196,10.10.2025
Nr. 197,13.10.2025
Nr. 198,14.10.2025
Nr. 199,15.10.2025
Nr. 200,16.10.2025
Nr. 201,17.10.2025
Nr. 202,20.10.2025
Nr. 203,21.10.2025
Nr. 204,22.10.2025
Nr. 205,23.10.2025
Nr. 206,24.10.2025
Nr. 207,27.10.2025
Nr. 208,28.10.2025
Nr. 209,29.10.2025
Nr. 210,30.10.2025
Nr. 211,31.10.2025
Nr. 212,03.11.2025
Nr. 213,04.11.2025
Nr. 214,05.11.2025
Nr. 215,06.11.2025
Nr. 216,07.11.2025
Nr. 217,10.11.2025
Nr. 218,11.11.2025
Nr. 219,12.11.2025
Nr. 220,13.11.2025
Nr. 221,14.11.2025
Nr. 222,17.11.2025
Nr. 223,18.11.2025
Nr. 224,19.11.2025
Nr. 225,20.11.2025
Nr. 226,21.11.2025
Nr. 227,24.11.2025
Nr. 228,25.11.2025
Nr. 229,26.11.2025
Nr. 230,27.11.2025
Nr. 231,28.11.2025
Nr. 232,01.12.2025
Nr. 233,02.12.2025
Nr. 234,03.12.2025
Nr. 235,04.12.2025
Nr. 236,05.12.2025
Nr. 237,08.12.2025
Nr. 238,09.12.2025
Nr. 239,10.12.2025
Nr. 240,11.12.2025
Nr. 241,12.12.2025
Nr. 242,15.12.2025
Nr. 243,16.12.2025
Nr. 244,17.12.2025
Nr. 245,18.12.2025
Nr. 246,19.12.2025
Nr. 247,22.12.2025
Nr. 248,23.12.2025
Nr. 249,24.12.2025
Nr. 250,29.12.2025
Nr. 251,30.12.2025
Nr. 252,31.12.2025
